{
      "Car": {
            "72162541-bcac-4fd4-ae43-e0460b6d4c16": {
                  "box": {
                        "top": 689.3978395573145,
                        "left": 933.0552866151959,
                        "height": 63.84237842364328,
                        "width": 73.43315818514384
                  },
                  "not_in_lidar": false,
                  "attributes": {
                        "lane_information": [
                              "Go forward"
                        ],
                        "relative_position": "0"
                  }
            },
            "e2e44f1d-9202-4f38-9fe4-a4f546ac2c45": {
                  "box": {
                        "top": 710.102933554389,
                        "left": 1003.0038586389279,
                        "height": 31.18724494189769,
                        "width": 35.500339728655376
                  },
                  "not_in_lidar": true,
                  "attributes": {
                        "lane_information": [
                              "Go forward"
                        ],
                        "relative_position": "0"
                  }
            },
            "2404b21d-9135-40fe-944e-0b9d2e0685bf": {
                  "box": {
                        "top": 661.9079724716956,
                        "left": 1577.3178698942918,
                        "height": 135.1131308383054,
                        "width": 279.1985526786104
                  },
                  "not_in_lidar": false,
                  "attributes": {
                        "lane_information": [
                              "None of the above"
                        ],
                        "relative_position": "None of the above"
                  }
            }
      },
      "Bus": {},
      "Truck": {
            "df63c392-205b-40a2-a7ce-d5debc8046e2": {
                  "box": {
                        "top": 687.3771574153328,
                        "left": 925.6926825747084,
                        "height": 53.13189147102688,
                        "width": 50.89968486711597
                  },
                  "not_in_lidar": false,
                  "attributes": {
                        "lane_information": [
                              "None of the above"
                        ],
                        "relative_position": "None of the above"
                  }
            }
      },
      "Van": {
            "79837a0e-399f-4dc3-a87d-e0e9cd7a40de": {
                  "box": {
                        "top": 704.1101684570312,
                        "left": 1016.99072265625,
                        "height": 26.23594509354973,
                        "width": 26.036250792912597
                  },
                  "not_in_lidar": true,
                  "attributes": {
                        "lane_information": [
                              "Go forward"
                        ],
                        "relative_position": "0"
                  }
            }
      },
      "Motorcyclist": {},
      "Bicyclist": {
            "5745115c-5e71-4cac-9fb5-29b95b2c87be": {
                  "box": {
                        "top": 690.3806786196731,
                        "left": 695.6495680068456,
                        "height": 69.64543718532451,
                        "width": 59.16830003728364
                  },
                  "not_in_lidar": false,
                  "attributes": {
                        "lane_information": [
                              "None of the above"
                        ],
                        "relative_position": "None of the above"
                  }
            },
            "aa9109e4-98ab-407d-bdef-007f21511603": {
                  "box": {
                        "top": 689.6880810215467,
                        "left": 626.4279160377771,
                        "height": 76.40132607988245,
                        "width": 81.54252017003839
                  },
                  "not_in_lidar": false,
                  "attributes": {
                        "lane_information": [
                              "None of the above"
                        ],
                        "relative_position": "None of the above"
                  }
            }
      },
      "Pedestrian": {
            "9abd7efb-f4b6-4a67-b269-188213a22d79": {
                  "box": {
                        "top": 694.3242057460567,
                        "left": 424.5473698562823,
                        "height": 83.65480561370524,
                        "width": 29.89885085415008
                  },
                  "not_in_lidar": false,
                  "attributes": {
                        "age": "Adult",
                        "gender": "Male"
                  }
            }
      },
      "Wheelchair": {},
      "Traffic_Sign": {
            "d29db35c-aec9-4b18-86b6-2d465951b6ba": {
                  "box": {
                        "top": 315.47906494140625,
                        "left": 1887.040751618987,
                        "height": 333.5174827941311,
                        "width": 32.95924838101289
                  },
                  "not_in_lidar": true,
                  "attributes": {
                        "traffic_sign_type": "Other"
                  }
            },
            "4cb2dcb0-c0a2-4583-9c81-5dace0856638": {
                  "box": {
                        "top": 445.8639772288198,
                        "left": 1257.8096252676103,
                        "height": 21.60607042135072,
                        "width": 21.29055729048904
                  },
                  "not_in_lidar": true,
                  "attributes": {
                        "traffic_sign_type": "Other"
                  }
            },
            "c47a3641-464b-48c5-b280-3c2ddb2db217": {
                  "box": {
                        "top": 551.8212931974871,
                        "left": 1188.2149929971488,
                        "height": 25.18808664428757,
                        "width": 17.256597834695818
                  },
                  "not_in_lidar": true,
                  "attributes": {
                        "traffic_sign_type": "Other"
                  }
            },
            "e8bfa727-b847-4609-978a-7d36d0f212ca": {
                  "box": {
                        "top": 581.0633239746094,
                        "left": 1188.066319585035,
                        "height": 24.596112869560358,
                        "width": 18.12767353084426
                  },
                  "not_in_lidar": true,
                  "attributes": {
                        "traffic_sign_type": "Do not enter for vehicle"
                  }
            },
            "cc926e45-446e-4ff9-9017-2b23afab39b7": {
                  "box": {
                        "top": 361.8625998936397,
                        "left": 1498.1239912561869,
                        "height": 103.17959744745401,
                        "width": 29.89696158910465
                  },
                  "not_in_lidar": true,
                  "attributes": {
                        "traffic_sign_type": "Other"
                  }
            }
      },
      "Traffic_Light": {
            "d4fa5946-4b0b-4a57-a514-14dec0f88c4f": {
                  "box": {
                        "top": 480.38995361328125,
                        "left": 801.1707077366832,
                        "height": 39.86361534262364,
                        "width": 59.2225810439301
                  },
                  "not_in_lidar": true,
                  "attributes": {
                        "traffic_light_state": [
                              "Red round"
                        ]
                  }
            },
            "6a9ef563-8013-4ece-bd08-7fb0c28f6c30": {
                  "box": {
                        "top": 273.88590916474436,