{
      "Car": {
            "392d037a-bb23-4395-96ca-71c7a38d0631": {
                  "box": {
                        "top": 603.8771740158355,
                        "left": 1461.2338468002072,
                        "height": 495.5133760193366,
                        "width": 458.7661531997929
                  },
                  "not_in_lidar": false,
                  "attributes": {
                        "lane_information": [
                              "Right turn"
                        ],
                        "relative_position": "r1"
                  }
            },
            "72162541-bcac-4fd4-ae43-e0460b6d4c16": {
                  "box": {
                        "top": 694.7978005031404,
                        "left": 917.0665916976009,
                        "height": 65.00734699943436,
                        "width": 75.09361604670444
                  },
                  "not_in_lidar": false,
                  "attributes": {
                        "lane_information": [
                              "None of the above"
                        ],
                        "relative_position": "None of the above"
                  }
            },
            "e2e44f1d-9202-4f38-9fe4-a4f546ac2c45": {
                  "box": {
                        "top": 717.8678332027519,
                        "left": 992.1368735247787,
                        "height": 33.603885063590724,
                        "width": 31.623625282499802
                  },
                  "not_in_lidar": true,
                  "attributes": {
                        "lane_information": [
                              "Go forward"
                        ],
                        "relative_position": "0"
                  }
            },
            "2404b21d-9135-40fe-944e-0b9d2e0685bf": {
                  "box": {
                        "top": 677.9561621750291,
                        "left": 1478.0318082152269,
                        "height": 97.0324769647392,
                        "width": 184.35075686032974
                  },
                  "not_in_lidar": false,
                  "attributes": {
                        "lane_information": [
                              "None of the above"
                        ],
                        "relative_position": "None of the above"
                  }
            }
      },
      "Bus": {},
      "Truck": {},
      "Van": {
            "79837a0e-399f-4dc3-a87d-e0e9cd7a40de": {
                  "box": {
                        "top": 711.888671875,
                        "left": 1007.1185302734375,
                        "height": 26.23594509354973,
                        "width": 24.988262786859195
                  },
                  "not_in_lidar": true,
                  "attributes": {
                        "lane_information": [
                              "Go forward"
                        ],
                        "relative_position": "0"
                  }
            },
            "1e095ea8-494b-438a-9590-aadad8c8f966": {
                  "box": {
                        "top": 670.6339448485044,
                        "left": 0,
                        "height": 119.48987412942361,
                        "width": 51.742777163281126
                  },
                  "not_in_lidar": false,
                  "attributes": {
                        "lane_information": [
                              "None of the above"
                        ],
                        "relative_position": "None of the above"
                  }
            }
      },
      "Motorcyclist": {},
      "Bicyclist": {
            "5745115c-5e71-4cac-9fb5-29b95b2c87be": {
                  "box": {
                        "top": 698.0673155173586,
                        "left": 717.3800895539973,
                        "height": 60.307180941258366,
                        "width": 49.918569692758865
                  },
                  "not_in_lidar": false,
                  "attributes": {
                        "lane_information": [
                              "None of the above"
                        ],
                        "relative_position": "None of the above"
                  }
            },
            "aa9109e4-98ab-407d-bdef-007f21511603": {
                  "box": {
                        "top": 697.5640721299782,
                        "left": 633.9580310209308,
                        "height": 64.79463638342656,
                        "width": 76.2174986363635
                  },
                  "not_in_lidar": false,
                  "attributes": {
                        "lane_information": [
                              "None of the above"
                        ],
                        "relative_position": "None of the above"
                  }
            }
      },
      "Pedestrian": {
            "9abd7efb-f4b6-4a67-b269-188213a22d79": {
                  "box": {
                        "top": 698.4803369011514,
                        "left": 488.26762581920684,
                        "height": 75.33426957283338,
                        "width": 30.664118814117785
                  },
                  "not_in_lidar": false,
                  "attributes": {
                        "age": "Adult",
                        "gender": "Male"
                  }
            }
      },
      "Wheelchair": {},
      "Traffic_Sign": {
            "d29db35c-aec9-4b18-86b6-2d465951b6ba": {
                  "box": {
                        "top": 433.5562692526944,
                        "left": 1607.017016683018,
                        "height": 204.07367426368072,
                        "width": 230.02066050459834
                  },
                  "not_in_lidar": true,
                  "attributes": {
                        "traffic_sign_type": "Other"
                  }
            },
            "4cb2dcb0-c0a2-4583-9c81-5dace0856638": {
                  "box": {
                        "top": 468.69155247888887,
                        "left": 1235.8178030748506,
                        "height": 20.61137602444273,
                        "width": 19.513182201827714
                  },
                  "not_in_lidar": true,
                  "attributes": {
                        "traffic_sign_type": "Other"
                  }
            },
            "40e8a62b-b7d9-4826-804d-4d6eec0a5aa0": {
                  "box": {
                        "top": 541.0627381080243,
                        "left": 1185.9043919555565,
                        "height": 19.091641388900143,
                        "width": 19.61442261534694
                  },
                  "not_in_lidar": true,
                  "attributes": {
                        "traffic_sign_type": "Other"
                  }
            },
            "c47a3641-464b-48c5-b280-3c2ddb2db217": {
                  "box": {
                        "top": 571.9963878206912,
                        "left": 1158.8822402013866,
                        "height": 25.282456867502006,
                        "width": 16.26850922447658
                  },
                  "not_in_lidar": true,
                  "attributes": {
                        "traffic_sign_type": "Other"
                  }
            },
            "e8bfa727-b847-4609-978a-7d36d0f212ca": {
                  "box": {
                        "top": 600.7307913321919,
                        "left": 1158.3205901395959,
                        "height": 21.019577812750416,
                        "width": 15.966874357511072
                  },
                  "not_in_lidar": true,
                  "attributes": {
                        "traffic_sign_type": "Do not enter for vehicle"
                  }
            }
      },