{
    "frame_id": 16,
    "group_status": 0,
    "walking_toward_vehicle": 0,
    "speed": 13.306800045527334,
    "distance": 38.15855015134892,
    "movement_status": 1
}