{
    "frame_id": 20,
    "group_status": 0,
    "walking_toward_vehicle": 0,
    "speed": 12.59585097196125,
    "distance": 33.133714546254204,
    "movement_status": 1
}