{
    "frame_id": 14,
    "group_status": 0,
    "walking_toward_vehicle": 0,
    "speed": 12.372352185712806,
    "distance": 40.77314325018577,
    "movement_status": 1
}