{
    "frame_id": 12,
    "group_status": 0,
    "walking_toward_vehicle": 1,
    "speed": 14.300202572165896,
    "distance": 43.20366334406266,
    "movement_status": 1
}