{
    "frame_id": 6,
    "group_status": 0,
    "walking_toward_vehicle": 1,
    "speed": 12.924436011202646,
    "distance": 51.01507993273299,
    "movement_status": 1
}