{
    "frame_id": 10,
    "group_status": 0,
    "walking_toward_vehicle": 1,
    "speed": 12.080319816296562,
    "distance": 46.00477236798511,
    "movement_status": 1
}