{
    "frame_id": 18,
    "group_status": 0,
    "walking_toward_vehicle": 0,
    "speed": 13.283751840856965,
    "distance": 35.56917600187855,
    "movement_status": 1
}