{
    "0": {
        "4e34ccd4-5ed8-4155-91d4-9e812477a0fd": {
            "speed": 0,
            "distance": 7.688961896013353,
            "movement_status": "Unknown"
        },
        "daab3271-6d82-4e72-84cb-064227f446e9": {
            "speed": 0,
            "distance": 11.37727436845142,
            "movement_status": "Unknown"
        }
    },
    "2": {
        "4e34ccd4-5ed8-4155-91d4-9e812477a0fd": {
            "speed": 12.918635590499267,
            "distance": 6.414133945539253,
            "movement_status": "Moving"
        },
        "daab3271-6d82-4e72-84cb-064227f446e9": {
            "speed": 13.02081789087172,
            "distance": 9.249415002471533,
            "movement_status": "Moving"
        }
    },
    "4": {
        "8f62a01b-8bfe-4bde-87f7-52bb205d4cb5": {
            "speed": 0,
            "distance": 79.17626994886497,
            "movement_status": "Unknown"
        },
        "9abd7efb-f4b6-4a67-b269-188213a22d79": {
            "speed": 0,
            "distance": 53.585897798826615,
            "movement_status": "Unknown"
        },
        "daab3271-6d82-4e72-84cb-064227f446e9": {
            "speed": 13.168410255865005,
            "distance": 7.36281956435476,
            "movement_status": "Moving"
        }
    },
    "6": {
        "8f62a01b-8bfe-4bde-87f7-52bb205d4cb5": {
            "speed": 9.977450471643374,
            "distance": 77.18523041294831,
            "movement_status": "Moving"
        },
        "9abd7efb-f4b6-4a67-b269-188213a22d79": {
            "speed": 12.924436011202646,
            "distance": 51.01507993273299,
            "movement_status": "Moving"
        },
        "daab3271-6d82-4e72-84cb-064227f446e9": {
            "speed": 12.673813017242717,
            "distance": 6.10160479852758,
            "movement_status": "Moving"
        }
    },
    "8": {
        "8f62a01b-8bfe-4bde-87f7-52bb205d4cb5": {
            "speed": 10.371242707058292,
            "distance": 75.12433973471286,
            "movement_status": "Moving"
        },
        "9abd7efb-f4b6-4a67-b269-188213a22d79": {
            "speed": 13.181305593959049,
            "distance": 48.40378330078761,
            "movement_status": "Moving"
        }
    },
    "10": {
        "8f62a01b-8bfe-4bde-87f7-52bb205d4cb5": {
            "speed": 9.689469078218703,
            "distance": 73.19805768579783,
            "movement_status": "Moving"
        },
        "9abd7efb-f4b6-4a67-b269-188213a22d79": {
            "speed": 12.080319816296562,
            "distance": 46.00477236798511,
            "movement_status": "Moving"
        }
    },
    "12": {
        "8f62a01b-8bfe-4bde-87f7-52bb205d4cb5": {
            "speed": 9.977533958668475,
            "distance": 71.20954526034,
            "movement_status": "Moving"
        },
        "9abd7efb-f4b6-4a67-b269-188213a22d79": {
            "speed": 14.300202572165896,
            "distance": 43.20366334406266,
            "movement_status": "Moving"
        }
    },
    "14": {
        "8f62a01b-8bfe-4bde-87f7-52bb205d4cb5": {
            "speed": 10.155930267160866,
            "distance": 69.17872542979865,
            "movement_status": "Moving"
        },
        "9abd7efb-f4b6-4a67-b269-188213a22d79": {
            "speed": 12.372352185712806,
            "distance": 40.77314325018577,
            "movement_status": "Moving"
        }
    },
    "16": {
        "8f62a01b-8bfe-4bde-87f7-52bb205d4cb5": {
            "speed": 9.931738810323074,
            "distance": 67.19337167717137,
            "movement_status": "Moving"
        },
        "9abd7efb-f4b6-4a67-b269-188213a22d79": {
            "speed": 13.306800045527334,
            "distance": 38.15855015134892,
            "movement_status": "Moving"
        }
    },
    "18": {
        "4ab64275-275c-4f58-8ed5-39837a4a265d": {
            "speed": 0,
            "distance": 74.94638845712298,
            "movement_status": "Unknown"
        },
        "8f62a01b-8bfe-4bde-87f7-52bb205d4cb5": {
            "speed": 9.929943525629039,
            "distance": 65.2128242573413,
            "movement_status": "Moving"
        },
        "9abd7efb-f4b6-4a67-b269-188213a22d79": {
            "speed": 13.283751840856965,
            "distance": 35.56917600187855,
            "movement_status": "Moving"
        }
    },
    "20": {
        "4ab64275-275c-4f58-8ed5-39837a4a265d": {
            "speed": 9.179110827256457,
            "distance": 73.11214493549454,
            "movement_status": "Moving"
        },
        "8f62a01b-8bfe-4bde-87f7-52bb205d4cb5": {
            "speed": 9.603270538864914,
            "distance": 63.292886476650864,
            "movement_status": "Moving"
        },
        "9abd7efb-f4b6-4a67-b269-188213a22d79": {
            "speed": 12.59585097196125,
            "distance": 33.133714546254204,
            "movement_status": "Moving"
        }
    }
}